عرف,دجاجيات
فيينا,نمسا
إيرلندا,إرلندا
بروكسل,بلجيكا
زامبيا,أفريقيا
مطبخ,مسكن
جناح,حشرة
شطر,جميع
يابس,أرض
كونغو,أفريقيا
مالطا,مالط
أمستردام,هولاندا
عمان,أردن
ركن,بناية
بدن,بشر
منكب,بدن
ناصر,مصر
بول,أفغاني
خاصرة,بشر
تاج,ضرس
نافذة,باص
شخصية,نفس
جدار,غرفة
قريم,أوكرانيا
جذر,تفسير
موقع,فراغ
شطر,وحدة
فيحاء,سوريا
جزائر,جزائر
تسالونيكه,يونان
مقطع,جميع
جذر,تفسير
بنين,أفريقيا
شاطئ,شط
نوبة,يد
مرسيليا,فرنسا
وارسو,بولندا
رأس,سكين
نصل,فاس
خرطوم,سودان
إيسلاندا,أوربا
قسم,كل
مرفاع,سفينة
حصة,ربح
صف,حائط
طبع,شخصية
بكين,صين
ركن,مبنى
باينت,كوارت
كراكوفيا,بولندا
سطح,بناية
كف,ذراع
سلم,مبنى
قطن,بشر
فم,وجه
ياقة,رقبة
رأس,بهيمة
بصرة,عراق
منحدر,جبل
جذر,تعليل
بودابست,مجر
إيسلاندا,إسلاندا
لوكسمبرج,لوكسمبورغ
سطر,رسالة
شفرة,حسام
سنان,قدح
عجز,جذع
لنينجراد,روسيا
ظهر,بدن
حائط,مبنى
شبكة,اوتوبوس
ألزاس,فرنسا
غويانا,أفريقيا
أمارة,مرض
قطن,بشر
منطقة,وحدة
إيرلندا,أوربا
رأس,سكين
لشبون,برتغال
حنجر,عنق
رأس,مخلوق
نصل,حسام
صورة,مدرك
نيجر,مالي
دانوب,مجر
غابون,أفريقيا
حفرة,جسد
لايبيزغ,ألمانيا
رأس,حسام
شفرة,سكينة
أسبوع,شهر
خلية,متعضي
جزء,جميع
بنية,فرد
ضربة,قتال
زيلاندا,دانمارك
تمثيل,تأدية
رف,بقال
رواق,منزل
أوربا,اراسيا
نقطة,قائمة
فجوة,سطح
حائط,غرفة
اسكاندنافيا,أوربا
خرطوم,سودان
عدائي,قتال
جيد,جسم
عجز,جسم
هافر,فرنسا
عارض,مرمى
شتوتغارت,ألمانيا
موقعة,حرب
مبابان,سوازيلند
مسكة,فاس
سقف,بناية
سهم,فائدة
صيدا,لبنان
جذر,شرح
صدر,جذع
ذيل,غزال
ذرة,جزيء
نيودلهي,دلهي
علامة,مرض
سينغال,أفريقيا
ذرة,عنصر
لوكسمبورغ,أوربا
مسكة,مبرد
ختام,خطاب
قلنسوة,فطر
طون,ألمانيا
شفرة,سكين
لسان,حنجر
غرينيتش,لندن
حصة,عائدة
تونس,تونس
خد,وجه
نصل,وصل
قدم,ياردة
رباط,مغرب
جناح,ملك
عتاد,حاسوب
هولاندا,أوربا
بمباي,هند
بهو,مبنى
بنية,روح
جذر,تعليل
يد,ساعد
عدوان,قتال
مبنى,تعليل
شحن,تجارة
كوارت,غالون
صحارا,أفريقيا
عتاد,حاسب
عنق,جسد
عجز,بدن
نقطة,حسام
كف,ساعد
رأس,جسم
فاصل,شوط
موريتانيا,أفريقيا
محراب,كنيسة
إستوكهولم,سويد
شبكة,باص
كونغو,زائير
حفرة,بدن
جوف,جسد
بر,كون
ٱنحدار,ٱرتفاع
لطمة,قتال
عضد,إنسان
حمام,بيت
هامبورغ,ألمانيا
مقبض,سكينة
مرفاع,مركب
كركوك,عراق
رودس,يونان
ولادة,تكاثر
بند,جدول
رأس,حيوان
نقطة,سكين
جاوه,إندونيسيا
قرن,ماعز
بقري,بقر
ذراع,بدن
معرج,بناية
بر,أرض
عارض,وجه
ذراع,جسد
قسم,كل
بنية,مخلوق
نافذة,سيارة
رقبة,لباس
قطاع,ٱقتصاد
عام,عقد
قفل,بوابة
بت,بايت
أشهب,سوريا
مبنى,تفسير
شبكة,بناية
جزء,كل
مكتبة,بيت
مقال,جريدة
هنغاريا,أوربا
سطر,كتاب
سنغال,أفريقيا
سنغال,أفريقيا
مؤخر,بدن
قسم,فائدة
بيروت,لبنان
نقر,تركيا
تدفئة,بناية
مانيلا,فيليبين
ضربة,شجار
غرفة,مبنى
سويد,أوربا
إندونيسيا,أوبك
قسم,سلطة
خبازي,خبازيات
فارس,فارس
قطر,أوبك
أحم,لواحم
سرخس,تريديات
أسطول,بحرية
نوع,فصيل
نفس,ناس
مهر,جواد
هر,سنوريات
قريب,قرابة
جرابي,جرابيات
ناس,عالم
مواطن,ناس
إنسان,ناس
قسم,نظام
بلطيات,رخوي
شقيق,عائلة
سقف,بابوي
سينغالي,سنغال
جرابي,كيسيات
ناس,بشر
فرنسا,أوربا
لوكسمبورغ,بينيلوكس
إقليم,أرض
دنمارك,أوربا
رخوي,رخوي
مهر,حصان
هولاندا,بينيلوكس
شجرة,غاب
برتغال,أوربا
ولاية,أرض
أفلاطون,أثينا
طائر,سربة
لوكسمبورغ,أوربا
برمائي,برمائي
نمسا,أوربا
مواطن,أمة
سوري,سوريا
بلجيكا,بينيلوكس
قسم,تجارة
إصدار,سلسلة
شخص,ناس
جرابيات,أكيس
قاطرة,قطار
قرطاجي,قرطاج
ولاية,بلد
غواص,طاقم
نوع,نوع
شجرة,غابة
أزهر,تريديات
هولاندا,بينيلوكس
حليل,زواج
عضوية,تنظيم
فقر,قحفيات
روح,ناس
عصابة,عصابة
حليف,ٱنحياز
خفير,دورية
زواحف,فقاريات
لبونات,قحفيات
صاحب,زواج
جمهور,ناس
ليبيا,أوبك
صقر,جارحة
سينغالي,سنغال
كيسيات,أكيس
سوري,سوريا
سينغالي,سينغال
حشرة,مفصليات
عدد,سلسلة
حريشيات,مفصليات
شرطي,شرطة
شثعبه,مملكة
خنفس,خنفس
ألمانيا,أوربا
بشري,اناسي
عنكبوت,عنكبوتيات
نسيب,قريب
عصابة,إجرام
جرابي,وخفيات
مخلوق,ناس
طير,سرب
مسيحي,كنيسة
عدو,معاد
سعودي,أوبك
إقليم,دولة
سنوريات,هريات
جزائر,أوبك
أكيس,ثدييات
نزول,أوبك
اناسيات,اناسيات
دركي,شرطة
كتيبة,فوج
نصراني,كنيسة
باز,كاسر
رخويات,رخوي
عسكري,قوة
لبونات,فقاريات
حليف,ٱئتلاف
كويت,أوبك
سنور,هريات
عجل,بقر
حليف,حلف
فقر,فقاريات
ثديي,ثدييات
هر,هريات
فقار,قحفيات
قسم,سلطة
عربة,قطار
اثيني,أثينا
أسد,سنوريات
حليف,ٱتحاد
هريات,لواحم
زميل,جمعية
صاحب,زواج
عضوية,منظمة
قرينة,زواج
دانمارك,أوربا
خيال,فارس
قريب,عشيرة
قرطاجي,قرطاج
زاحف,زواحف
عراق,أوبك
عدو,خصم
بشرة,اناسيات
فقاريات,حبليات
طاقم,يد
إقليم,بلد
هولاندا,أوربا
ثديي,لبونات
نسيب,قرابة
أفلاطون,أثينا
شرطي,أمن
سنوريات,لواحم
عنكبوت,عنكبوتيات
قرين,زواج
طحلب,طحلبيات
ترتيب,طبقة
طير,سربة
صقر,كاسر
نبات,بيوت
قشريات,قشريات
جندي,قوة
أنمر,هريات
ثدييات,قحفيات
لوف,وفاة
فصيل,ترتيب
كلب,لبيات
شرطي,بوليس
بابا,بابوي
قسم,حكومة
قسم,حكومة
حسون,عصفوريات
قشريات,مفصليات
مجر,كون
هند,أوبك
دوري,عصفوريات
مجر,وجود
فقار,فقاريات
أكيس,لبونات
عدو,عدو
فنلندا,أوربا
أسد,هريات
سرخسيات,تريديات
برمائي,فقاريات
طائر,سرب
نجل,عائلة
لبيات,لبيات
نسيب,نسبة
يونان,أوربا
فيلق,جيش
حنش,حنش
سنوريات,سنوريات
نوع,جنس
إيرلندا,أوربا
قريب,قريب
سنور,سنوريات
دركي,أمن
خنفس,حشرة
مصر,أوبك
نجم,مجر
خنشار,تريديات
أخت,عائلة
إيرلندا,أوربا
بلجيكا,أوربا
مشارك,جمعية
صنف,نوع
أفغاني,أفغانستان
فنزولا,أوبك
حبل,حبليات
مواطن,شعب
طبقة,شثعبه
لبناني,لبنان
نسيب,عشيرة
ثدييات,فقاريات
برمائي,قحفيات
سمك,سماك
باز,جارحة
مجر,دنيا
قريب,نسبة
مجر,عالم
كلب,لبيات
والد,عائلة
مواطن,مواطن
قارض,قارض
علة,زواج
وخفيات,أكيس
خنفس,خنفس
سماك,قحفيات
بعل,زواج
I,مالح
I,مضاض
S,سلفيد
S,كبريتيد
أفيوم,مخدر
ايبوكسي,صمغ
ايبوكسي,لزاق
ايبوكسي,لصاق
إيدروجين,ماء
أكسجين,ماء
أكسجين,هواء
بروم,مالح
بروم,مضاض
بوتاسيوم,مالح
بوتاسيوم,مضاض
سليكون,كوارتز
سليكون,مروة
سليكون,مروة
سليكون,رمل
سليكون,طفل
سليكون,طفل
سليكون,طين
سليكون,حل
كربون,فحم
كربون,فحم
كربون,كربون
نتروجين,هواء
نحاس,برونز
نحاس,صفر
بروتين,بيض
بروتين,حليب
بروتين,لحم
بروتين,لبن
بروتين,بيض
بروتين,حليب
بروتين,لحم
بروتين,لبن
روم,مالح
روم,مضاض
برليت,صلب
برليت,فولاذ
ح,صلب
ح,فولاذ
حديد,صلب
حديد,فولاذ
خمر,عنب
خمرة,عنب
دقيق,خبز
دقيق,معجنات
رمل,خرسان
رمل,شاطئ
زجاج,زجاجيات
سليكا,كوارتز
سليكا,مروة
سليكا,مروة
سليكا,بلور
سليكا,بلور
سليولوز,ليف
سليولوز,ليف
سليولوز,نسيج
سليولوز,ورق
سليكون,كوارتز
سليكون,مروة
سليكون,مروة
سليكون,رمل
سليكون,طفل
سليكون,طفل
سليكون,طين
سليكون,حل
صباغ,دهان
صباغ,طلي
طفل,خزف
طفل,فخار
طفل,فخاريات
طفل,خزف
طفل,فخار
طفل,فخاريات
طين,خزف
طين,فخار
طين,فخاريات
عظم,قرن
عظمة,عظم
قش,بطانة
قش,حشو
قش,حشوة
ك,فحم
ك,فحم
ك,كربون
كولاجين,عظم
كبريت,سلفيد
كبريت,كبريتيد
ماء,ثلج
ماء,جليد
معدن,حجر
معدن,حجرة
معدن,صخر
معدن,صخر
نح,برونز
نح,صفر
نسيج,متعضي
نسيج,كائن
نسيج,متعض
نبيذ,عنب
نحاس,برونز
نحاس,صفر
نتروسيلولوز,كورديت
نتروغليسرين,ديناميت
نتروغليسرين,كورديت
هيدروجين,ماء
حل,خزف
حل,فخار
حل,فخاريات
ورق,صفحة
يود,مالح
يود,مضاض
