سجن,قصدر
خربط,غلظ
تماشى,قاوم
أوقف,شجع
تخيل,وجد
راعي,صان
تظاهر,فتلة
ثقت,ضايق
أسعد,خدع
ٱنسجم,ناصر
أزعج,أغاظ
تحرك,سافر
عزم,غرض
أذاب,هرب
غوط,ذهب
أخذ,تضمن
شن,شيد
صاغ,وزع
تساقط,فت
تعرى,ظهر
فطر,نفض
أعد,واثق
تدحرج,رتب
رفع,علاة
صدم,صرع
قاضي,قنع
أمد,ٱحتاط
ٱعتزم,غوط
راعي,راقب
مر,ٱرتفع
خدع,طلب
رجح,رصد
فرض,خدع
تصرف,توطيد
هجرة,رحلة
رضى,عجب
تمتع,جذل
قضى,هزم
رسم,ضبط
تبل,جفف
تأكد,حتم
ٱحتاج,ٱشترى
ضلل,تعطل
ٱبتلى,رن
خفض,قلل
تفوق,ضن
حلف,جامعة
تم,نفذ
حفز,حول
تدهور,صادف
سيطر,ذلول
خرج,رافق
تعلق,كسب
دخل,هرول
زخرف,مثل
ٱجتذب,اختار
أدرك,عرف
ٱنتظر,عزز
ضن,مر
ٱنبعث,تعالى
حقر,غم
تمتم,غمغم
تجربة,مسعى
ربط,رتب
أحدث,طبق
جامع,هزم
طلى,غذى
روعة,طلاوة
فاض,قاد
ٱفترق,ميز
أقام,أوقف
أكد,ساعد
خلق,فاز
إفادة,منفعة
أخصائي,ٱختصاص
كتاب,مخطوط
أضاف,تدارس
ٱخترق,عاد
زار,قاسي
همد,نسي
خلي,ظهر
ملك,غلب
أزعج,عاق
ٱنحدر,هيئة
أمسك,حرم
خرج,ٱحتل
ضاجع,قرع
انجي,تجنب
كافر,مرتد
أبطل,دهر
أنتج,مثل
إخفاق,رسوب
سخن,غضب
ٱسترداد,ترجيع
حجز,حدد
انذهال,خدر
حسب,رسم
تكلم,فوه
برهن,عرف
ٱعتزل,غادر
بقي,أصل
شرب,قحمة
غير,غير
ٱرتجف,هز
أدرك,نظر
أشعل,ٱستفز
ضرب,كافح
أعدم,ٱنقلب
تلف,سلم
كافح,صارع
ٱرتفع,ٱنحرف
متفق,نقح
أدان,شقي
رصد,زين
ألقى,طفا
حفز,حث
ٱعتزم,تصرف
ٱبتلع,فاجأ
حنق,أقلق
أثار,نما
ٱتفق,باري
تشعب,تفجر
أوصل,نجح
ٱشتاق,هن
خدع,فسد
إباحة,سماح
ٱنضم,تاه
فرقة,ميز
عقد,هجر
ربوة,غلاف
ذرف,صاح
أقام,ٱنتصب
أدى,تجسس
ٱقترف,تفاني
ٱمتد,ضل
أرض,بلد
عجل,هرول
ٱنطلق,ذهب
حفظ,ٱعتصم
خطب,قاسي
حسن,نقح
رأس,لطف
ٱنتظم,طري
ألغى,أوقف
ٱحتجز,حرم
أجاب,عاد
ٱستعمر,رسخ
ٱستنفد,ٱستنفد
ٱلتقى,ملأ
راجع,راعي
ٱضطر,نجح
بزغ,كشف
أقر,تناول
بذر,بذل
ساء,ضر
خصص,صنف
بدأ,زرع
حمل,حكى
ٱنهار,مضى
أكمل,ملأ
ٱنتشر,شاع
رحل,صمد
سقوط,نظرة
راع,صنع
قابل,حمل
جرى,رحل
رغب,وزع
تشابك,زمجر
اغلق,كسر
حث,صر
تحفظ,لطف
بوق,زمر
اختار,ٱسترجع
ٱرتدى,ضن
ٱستقر,قطن
مالط,مالطا
ركب,نظم
كسب,هاجم
توطيد,حضر
ظهير,معجب
تبرعم,عض
تردد,قتل
مكتوب,مؤلف
تقلص,أصل
رطم,هاجم
ٱنتقى,قبل
رافق,نجح
ٱنبعث,ظهر
خدع,زخرف
ٱنطلق,زفر
حمل,حاكم
حمل,أيقظ
حرض,رسم
عجز,حبط
ٱحتال,نشل
حرمان,صرامة
تزامن,عقد
بغى,رغب
طهر,وطن
سحق,ضعف
جديد,حل
ٱستكمل,أدار
ٱشتكى,صوت
حاكي,لوى
ٱستلم,ٱصطفى
أعاق,ضمن
باشر,سجل
ٱنتهى,ٱنقطع
جسد,جسم
مط,وسع
اختار,رضى
رافق,سرق
ٱستمر,طلب
رسالة,مادة
